{
  "faithfulness": 0.41666666666666663,
  "answer_relevancy": 0.4751808506967292,
  "context_precision": 0.9999999999,
  "context_recall": 0.5
}